id,case_numbe,QUAD
7235174,1.01004E+11,SE
7235247,1.01004E+11,SW
7235344,1.01004E+11,NE
7235353,1.01004E+11,NE
7235398,1.01004E+11,SE
7235430,1.01004E+11,SE
7235472,1.01004E+11,NE
7235474,1.01004E+11,NE
7235476,1.01004E+11,NE
7235479,1.01004E+11,NE
7236032,1.01004E+11,SW
7236122,1.01004E+11,NW
7236167,1.01004E+11,SE
7236275,1.01004E+11,SW
7236736,1.01004E+11,NE
7236788,1.01004E+11,NE
7237153,1.01004E+11,SW
7237183,1.01004E+11,NW
7237187,1.01004E+11,NW
7237283,1.01004E+11,NW
7237291,1.01004E+11,SW
7237392,1.01004E+11,SW
7237556,1.01004E+11,NE
7237597,1.01004E+11,NW
7237706,1.01004E+11,NW
7237707,1.01004E+11,NW
7237708,1.01004E+11,NW
7237726,1.01004E+11,SW
7237759,1.01004E+11,SE
7237811,1.01004E+11,NW
7237813,1.01004E+11,NW
7238053,1.01004E+11,SE
7238080,1.01004E+11,NW
7238081,1.01004E+11,NW
7238089,1.01004E+11,NW
7238127,1.01004E+11,NW
7238218,1.01004E+11,SW
7238306,1.01004E+11,SW
7238329,358088-101003595892,SE
7238384,358244-101003595947,NE
7238426,358338-101003595989,NW
7238541,1.01004E+11,SW
7238588,1.01004E+11,SE
7238627,358533-101003596194,SW
7238723,1.01004E+11,SE
7238804,1.01004E+11,SE
7238817,1.01004E+11,NW
7238836,1.01004E+11,NW
7238858,1.01004E+11,SW
7238897,1.01004E+11,SE
7238923,1.01004E+11,NE
7238928,1.01004E+11,SW
7238933,1.01004E+11,SW
7238934,1.01004E+11,SW
7239065,1.01004E+11,NW
7239082,1.01004E+11,NE
7239119,1.01004E+11,NE
7239229,1.01004E+11,NE
7239230,1.01004E+11,NE
7239235,1.01004E+11,NE
7239434,1.01004E+11,SW
7239487,1.01004E+11,SE
7239507,1.01004E+11,SW
7239525,1.01004E+11,SW
7239696,1.01004E+11,NW
7239730,1.01004E+11,NW
7239902,1.01004E+11,NW
7239913,1.01004E+11,SE
7239915,1.01004E+11,NW
7240052,1.01004E+11,NW
7240381,1.01004E+11,NW
7240394,1.01004E+11,NW
7240479,1.01004E+11,NW
7240481,1.01004E+11,NW
7240487,1.01004E+11,NW
7240489,1.01004E+11,NW
7240656,1.01004E+11,SE
7240804,1.01004E+11,SW
7240832,1.01004E+11,SW
7240925,1.01004E+11,NW
7241023,1.01004E+11,NW
7241048,358606-101003598927,SE
7241091,358723-101003598970,NE
7241094,358736-101003598973,SW
7241097,358741-101003598976,SW
7241119,358799-101003598998,SE
7241241,1.01004E+11,SW
7241317,1.01004E+11,NE
7241376,358890-101003599264,NE
7241425,1.01004E+11,NE
7241728,1.01004E+11,NE
7241794,1.01004E+11,SW
7241901,1.01004E+11,SW
7242016,1.01004E+11,NE
7242137,1.01004E+11,NW
7242142,1.01004E+11,NW
7242231,1.01004E+11,NE
7242241,1.01004E+11,NE
7242403,1.01004E+11,SW
7242408,1.01004E+11,SW
7242462,1.01004E+11,SW
7242502,1.01004E+11,SW
7242622,1.01004E+11,NW
7242635,1.01004E+11,NW
7242770,1.01004E+11,SE
7242779,1.01004E+11,SW
7242998,1.01004E+11,SW
7243034,1.01004E+11,SE
7243035,1.01004E+11,SW
7243167,1.01004E+11,SW
7243593,1.01004E+11,NE
7243672,359070-101003601865,NW
7243697,359113-101003601890,NE
7243727,359152-101003601920,SW
7243895,1.01004E+11,SW
7243962,1.01004E+11,SW
7243970,1.01004E+11,SW
7244136,1.01004E+11,NW
7244176,1.01004E+11,SW
7244279,1.01004E+11,NE
7244339,1.01004E+11,SW
7244385,1.01004E+11,NW
7244655,359311-101003602966,NE
7244669,1.01004E+11,NE
7244670,1.01004E+11,NE
7244728,1.01004E+11,SW
7244730,1.01004E+11,SW
7245017,1.01004E+11,NE
7245214,1.01004E+11,NW
7245257,1.01004E+11,SE
7245541,1.01004E+11,NW
7245588,1.01004E+11,SW
7245593,359502-101003603977,SE
7245619,1.01004E+11,NW
7245714,1.01004E+11,NE
7245753,1.01004E+11,SE
7245847,1.01004E+11,SE
7245863,1.01004E+11,NE
7245867,1.01004E+11,NE
7245869,1.01004E+11,NE
7245901,359309-101003604290,NE
7245924,359546-101003604313,NE
7245945,359602-101003604334,NW
7246053,1.01004E+11,NW
7246060,1.01004E+11,NE
7246083,1.01004E+11,SW
7246111,359652-101003604508,NW
7246138,359655-101003604535,SW
7246163,359662-101003604561,SW
7246299,359672-101003604711,NW
7246320,1.01004E+11,SW
7246336,1.01004E+11,SW
7246584,1.01004E+11,NW
7246862,1.01004E+11,SW
7246917,1.01004E+11,SW
7246990,1.01004E+11,SE
7247126,1.01004E+11,SE
7247250,359632-101003605836,SW
7247324,1.01004E+11,SW
7247606,1.01004E+11,NE
7247802,1.01004E+11,NW
7247908,1.01004E+11,NE
7247930,359864-101003606565,SE
7248027,1.01004E+11,NE
7248033,1.01004E+11,SW
7248076,1.01004E+11,SW
7248323,1.01004E+11,NE
7248785,1.01004E+11,SW
7248942,1.01004E+11,SW
7249094,1.01004E+11,NE
7249185,1.01004E+11,SW
7249262,1.01004E+11,SW
7249499,1.01004E+11,SW
7249581,1.01004E+11,NE
7249722,1.01004E+11,SW
7249958,360009-101003608818,SW
7250259,1.01004E+11,NE
7250406,1.01004E+11,SW
7250443,1.01004E+11,NW
7250714,1.01004E+11,SW
7250757,1.01004E+11,NW
7250922,1.01004E+11,SE
7251229,1.01004E+11,SW
7251491,1.01004E+11,SW
7251595,1.01004E+11,NE
7251649,1.01004E+11,NW
7251718,1.01004E+11,SE
7251721,1.01004E+11,NW
7251912,1.01004E+11,SW
7251984,1.01004E+11,NW
7252033,1.01004E+11,NW
7252134,1.01004E+11,NE
7252135,1.01004E+11,NE
7252175,1.01004E+11,NW
7252291,1.01004E+11,SW
7252629,1.01004E+11,SW
7252641,1.01004E+11,SW
7252745,1.01004E+11,SW
7252854,1.01004E+11,NW
7252857,1.01004E+11,SE
7252915,1.01004E+11,SW
7252995,1.01004E+11,SE
7253131,1.01004E+11,SW
7253248,1.01004E+11,SW
7253432,360465-101003612622,NW
7253439,360482-101003612629,NW
7253515,360676-101003612705,NE
7253613,360767-101003612803,NW
7253633,1.01004E+11,NE
7253638,1.01004E+11,NE
7253761,1.01004E+11,NE
7253890,1.01004E+11,SW
7253925,1.01004E+11,SE
7254088,1.01004E+11,SE
7254104,1.01004E+11,SW
7254105,1.01004E+11,SW
7254175,1.01004E+11,SE
7254318,1.01004E+11,NE
7254488,1.01004E+11,SE
7254786,360812-101003614185,NW
7254993,1.01004E+11,NE
7255182,1.01004E+11,SW
7255184,1.01004E+11,SW
7255433,1.01004E+11,NW
7255529,1.01004E+11,NE
7255653,1.01004E+11,NW
7255915,1.01004E+11,NW
7255984,1.01004E+11,NW
7256050,360981-101003615737,SW
7256136,1.01004E+11,NE
7256227,1.01004E+11,SW
7256249,1.01004E+11,SW
7256439,361179-101003616140,NW
7256538,361185-101003616245,SE
7256549,1.01004E+11,SW
7256955,1.01004E+11,SE
7257111,1.01004E+11,NE
7257176,1.01004E+11,SW
7257238,1.01004E+11,NW
7257486,1.01004E+11,SE
7257526,1.01004E+11,SW
7257682,1.01004E+11,SE
7258149,1.01004E+11,SE
7258165,1.01004E+11,NE
7258296,1.01004E+11,SW
7258396,1.01004E+11,SW
7258633,361354-101003618607,NW
7258683,361483-101003618657,NE
7258967,1.01004E+11,SE
7259098,1.01004E+11,SE
7259132,1.01004E+11,SW
7259238,1.01004E+11,NE
7259341,361588-101003619394,SE
7259395,1.01004E+11,NW
7259397,1.01004E+11,NW
7259413,1.01004E+11,NE
7259456,1.01004E+11,SW
7259765,1.01004E+11,SW
7260635,1.01004E+11,NE
7260761,1.01004E+11,NW
7260765,1.01004E+11,NW
7260784,1.01004E+11,NW
7261153,1.01004E+11,NE
7261156,1.01004E+11,SW
7261280,1.01004E+11,NE
7261308,1.01004E+11,SW
7261635,1.01004E+11,NW
7261893,361921-101003622342,NW
7261944,362055-101003622393,NW
7261945,362057-101003622394,NW
7261954,362078-101003622403,NE
7261960,1.01004E+11,NW
7261964,1.01004E+11,SW
7261986,1.01004E+11,NW
7261990,1.01004E+11,SW
7262254,1.01004E+11,SW
7262304,1.01004E+11,NW
7262462,1.01004E+11,SE
7262585,1.01004E+11,SE
7262646,1.01004E+11,SW
7262848,1.01004E+11,SW
7262850,1.01004E+11,SW
7262888,1.01004E+11,SW
7263149,1.01004E+11,SW
7263226,362108-101003623814,NW
7263253,362174-101003623841,SW
7263537,1.01004E+11,NW
7263564,362337-101003624160,NE
7263660,1.01004E+11,SE
7263723,1.01004E+11,NE
7263724,1.01004E+11,NE
7263910,1.01004E+11,NE
7264140,1.01004E+11,NW
7264179,1.01004E+11,SE
7264222,1.01004E+11,SE
7264245,1.01004E+11,SE
7264249,1.01004E+11,NW
7264484,1.01004E+11,NW
7264493,1.01004E+11,NW
7264712,1.01004E+11,SE
7264849,362482-101003625541,SE
7264878,1.01004E+11,SE
7265132,1.01004E+11,SW
7265202,1.01004E+11,SE
7265234,362523-101003625968,NW
7265400,1.01004E+11,NW
7266232,1.01004E+11,SW
7266348,362671-101003627251,NW
7266757,362708-101003627716,SE
7266765,1.01004E+11,SE
7266780,1.01004E+11,NE
7266918,1.01004E+11,SE
7266977,1.01004E+11,NE
7267122,1.01004E+11,NE
7267200,1.01004E+11,NE
7267205,362765-101003628223,SE
7267274,1.01004E+11,NE
7267275,1.01004E+11,NE
7267437,1.01004E+11,SE
7267471,1.01004E+11,NW
7267482,1.01004E+11,SW
7267876,1.01004E+11,SW
7267989,1.01004E+11,SW
7268081,1.01004E+11,SW
7268121,362843-101003629167,SW
7268179,363016-101003629225,NW
7268407,363147-101003629461,NW
7268414,1.01004E+11,NE
7268498,1.01004E+11,SW
7268549,363199-101003629605,SW
7268579,1.01004E+11,NW
7268699,1.01004E+11,SE
7268729,1.01004E+11,SE
7268849,1.01004E+11,SE
7268941,1.01004E+11,NW
7269015,1.01004E+11,NE
7269048,1.01004E+11,SW
7269064,1.01004E+11,NW
7269066,1.01004E+11,NW
7269146,1.01004E+11,SE
7269343,1.01004E+11,SW
7269817,363252-101003631154,NW
7269937,363406-101003631275,NW
7269960,1.01004E+11,SE
7270023,1.01004E+11,SW
7270024,1.01004E+11,SW
7270039,1.01004E+11,NW
7270113,1.01004E+11,NE
7270139,1.01004E+11,NE
7270431,1.01004E+11,NE
7270846,1.01004E+11,NE
7270869,1.01004E+11,SW
7270894,1.01004E+11,SE
7270899,363474-101003632388,SW
7271089,1.01004E+11,SW
7271347,1.01004E+11,NE
7271407,363551-101003632976,NW
7271433,363564-101003633002,NW
7271472,363573-101003633042,NE
7271831,1.01004E+11,NW
7271909,1.01004E+11,SE
7272000,1.01004E+11,NW
7272001,1.01004E+11,NW
7272003,1.01004E+11,NW
7272150,1.01004E+11,SE
7272158,1.01004E+11,SW
7272230,1.01004E+11,SW
7272480,1.01004E+11,NW
7272713,1.01004E+11,SW
7272915,1.01004E+11,SE
7272924,363815-101003634664,NW
7272926,1.01004E+11,SW
7273078,1.01004E+11,NE
7273151,1.01004E+11,SE
7273296,1.01004E+11,SW
7273360,1.01004E+11,SW
7273439,363873-101003635229,NW
7274026,363942-101003635947,SW
7274063,1.01004E+11,SE
7274129,1.01004E+11,SW
7274336,1.01004E+11,NW
7274602,1.01004E+11,NW
7274603,1.01004E+11,NW
7274962,1.01004E+11,NE
7275007,1.01004E+11,SE
7275242,1.01004E+11,SE
7275302,1.01004E+11,SW
7275319,1.01004E+11,NE
7275327,1.01004E+11,NE
7275608,1.01004E+11,SW
7275610,1.01004E+11,SW
7275669,1.01004E+11,SE
7276243,364109-101003638456,NW
7276261,364145-101003638474,SW
7276326,364288-101003638540,SW
7276497,1.01004E+11,SE
7276503,364439-101003638724,NW
7276534,364447-101003638757,NW
7276678,1.01004E+11,NW
7276683,364467-101003638920,SE
7276717,1.01004E+11,NW
7277071,1.01004E+11,NE
7277222,1.01004E+11,SW
7277581,1.01004E+11,NW
7277796,1.01004E+11,SW
7277802,1.01004E+11,SE
7277848,1.01004E+11,SE
7277892,1.01004E+11,SE
7278012,364618-101003640430,SE
7278277,1.01004E+11,SW
7278279,1.01004E+11,SW
7278322,1.01004E+11,SW
7278355,1.01004E+11,SE
7278422,1.01004E+11,NE
7278425,1.01004E+11,NE
7278495,1.01004E+11,SW
7278568,1.01004E+11,NW
7278598,1.01004E+11,SW
7278617,1.01004E+11,NE
7278902,1.01004E+11,SE
7278938,1.01004E+11,NW
7278949,1.01004E+11,NW
7279260,364783-101003641834,SW
7279326,1.01004E+11,NW
7279359,1.01004E+11,SW
7279491,1.01004E+11,NW
7279636,1.01004E+11,SW
7280015,1.01004E+11,NE
7280304,1.01004E+11,SE
7280367,1.01004E+11,NW
7280416,1.01004E+11,NE
7280447,1.01004E+11,NW
7280453,1.01004E+11,NE
7280454,1.01004E+11,NE
7280465,1.01004E+11,SW
7280695,1.01004E+11,NE
7280963,1.01004E+11,SW
7281124,1.01004E+11,SW
7281744,1.01004E+11,SW
7281751,1.01004E+11,NW
7281776,1.01004E+11,SE
7281871,1.01004E+11,SW
7282433,1.01004E+11,SW
7282480,1.01004E+11,NE
7282484,1.01004E+11,NE
7282487,1.01004E+11,SW
7282490,1.01004E+11,SW
7282537,1.01004E+11,SW
7282555,1.01004E+11,NE
7282564,1.01004E+11,SE
7283266,364976-101003646252,NE
7283274,364994-101003646261,NE
7283275,364995-101003646262,SW
7283354,365219-101003646343,NE
7283355,365221-101003646344,NE
7283373,365264-101003646362,SE
7283423,365379-101003646412,NW
7283435,1.01004E+11,SW
7283446,1.01004E+11,SE
7283589,1.01004E+11,NW
7283598,1.01004E+11,NE
7283620,1.01004E+11,NW
7283655,1.01004E+11,SW
7283656,1.01004E+11,SW
7283657,1.01004E+11,SW
7283863,1.01004E+11,NW
7283866,1.01004E+11,NW
7283958,1.01004E+11,NW
7283959,1.01004E+11,NW
7283972,1.01004E+11,NE
7283975,1.01004E+11,NE
7284351,1.01004E+11,SW
7284374,1.01004E+11,NW
7284398,1.01004E+11,NE
7284448,1.01004E+11,NW
7284648,365696-101003647803,NE
7284767,365632-101003647922,NW
7284785,365700-101003647939,NW
7285248,1.01004E+11,NW
7285524,1.01004E+11,NE
7285733,1.01004E+11,NW
7285964,365838-101003649224,NW
7286071,1.01004E+11,SW
7286195,1.01004E+11,SE
7286240,1.01004E+11,SW
7286289,1.01004E+11,SW
7286561,1.01004E+11,NE
7286687,1.01004E+11,NE
7286733,1.01004E+11,SW
7287017,365972-101003650361,SE
7287090,1.01004E+11,NW
7287129,1.01004E+11,NE
7287156,1.01004E+11,NE
7287164,1.01004E+11,NE
7287393,1.01004E+11,SW
7287530,1.01004E+11,NE
7287922,1.01004E+11,SW
7288245,1.01004E+11,NE
7288290,1.01004E+11,NE
7288339,1.01004E+11,NE
7288429,1.01004E+11,NE
7288441,1.01004E+11,SE
7288853,1.01004E+11,NE
7288923,1.01004E+11,NW
7288929,1.01004E+11,NE
7288972,1.01004E+11,NE
7288994,1.01004E+11,NE
7288998,1.01004E+11,NE
7289061,1.01004E+11,NE
7289062,1.01004E+11,NE
7289065,1.01004E+11,NE
7289131,1.01004E+11,NE
7289230,1.01004E+11,NE
7289238,1.01004E+11,NE
7289248,1.01004E+11,NE
7289290,1.01004E+11,NE
7289320,1.01004E+11,SW
7289416,1.01004E+11,NW
7289438,1.01004E+11,SW
7289439,1.01004E+11,SW
7289469,1.01004E+11,NE
7289669,1.01004E+11,NE
7289679,1.01004E+11,NE
7289682,1.01004E+11,NE
7289700,1.01004E+11,NE
7289706,1.01004E+11,NE
7289708,1.01004E+11,SW
7289709,1.01004E+11,NE
7289729,1.01004E+11,NE
7289789,1.01004E+11,NE
7289794,1.01004E+11,NE
7289811,1.01004E+11,NE
7289828,1.01004E+11,NE
7289833,1.01004E+11,NE
7289846,1.01004E+11,NE
7289894,1.01004E+11,NE
7289901,1.01004E+11,NE
7289903,1.01004E+11,NE
7289921,1.01004E+11,NE
7289935,1.01004E+11,NE
7289975,1.01004E+11,NE
7289976,1.01004E+11,NE
7289981,1.01004E+11,NE
7290000,1.01004E+11,NE
7290010,1.01004E+11,SW
7290012,1.01004E+11,SW
7290013,1.01004E+11,NE
7290016,1.01004E+11,NE
7290045,1.01004E+11,NE
7290091,1.01004E+11,NE
7290118,1.01004E+11,NE
7290142,1.01004E+11,NE
7290152,1.01004E+11,NE
7290162,1.01004E+11,NW
7290181,1.01004E+11,SW
7290213,1.01004E+11,NE
7290229,1.01004E+11,NE
7290260,1.01004E+11,NE
7290268,1.01004E+11,NE
7290314,1.01004E+11,SE
7290329,1.01004E+11,SW
7290336,1.01004E+11,NE
7290380,1.01004E+11,NE
7290402,1.01004E+11,NE
7290403,1.01004E+11,NE
7290448,1.01004E+11,SW
7290513,1.01004E+11,NW
7290577,1.01004E+11,NE
7290662,1.01004E+11,NW
7290675,1.01004E+11,NE
7290729,1.01004E+11,NE
7290734,1.01004E+11,NE
7290746,1.01004E+11,NE
7290749,1.01004E+11,NE
7290764,1.01004E+11,NE
7290794,1.01004E+11,NE
7290820,1.01004E+11,NE
7290843,1.01004E+11,NE
7290857,1.01004E+11,NE
7290864,1.01004E+11,SW
7290870,1.01004E+11,NE
7290907,1.01004E+11,NE
7290978,1.01004E+11,SW
7291023,1.01004E+11,NE
7291060,1.01004E+11,NE
7291081,1.01004E+11,NE
7291091,1.01004E+11,NE
7291101,1.01004E+11,NE
7291112,1.01004E+11,SE
7291115,1.01004E+11,NE
7291116,1.01004E+11,SE
7291131,1.01004E+11,NE
7291238,1.01004E+11,NE
7291260,1.01004E+11,NE
7291267,1.01004E+11,NE
7291320,1.01004E+11,NE
7291357,1.01004E+11,NE
7291363,1.01004E+11,NE
7291364,1.01004E+11,SE
7291415,1.01004E+11,NE
7291428,1.01004E+11,NE
7291456,1.01004E+11,NE
7291480,1.01004E+11,NE
7291481,1.01004E+11,NE
7291498,1.01004E+11,NE
7291512,1.01004E+11,NE
7291563,1.01004E+11,NE
7291638,1.01004E+11,NE
7291682,1.01004E+11,NE
7291708,1.01004E+11,NE
7291733,1.01004E+11,NE
7291782,1.01004E+11,NE
7291783,1.01004E+11,NE
7291943,1.01004E+11,NE
7291955,1.01004E+11,NE
7292004,1.01004E+11,NE
7292019,1.01004E+11,NW
7292038,1.01004E+11,NE
7292048,1.01004E+11,NE
7292064,1.01004E+11,NE
7292099,1.01004E+11,NW
7292100,1.01004E+11,NE
7292101,1.01004E+11,NW
7292124,1.01004E+11,NE
7292136,1.01004E+11,NE
7292141,1.01004E+11,NE
7292142,1.01004E+11,NE
7292165,1.01004E+11,NE
7292173,1.01004E+11,NE
7292197,1.01004E+11,NE
7292200,1.01004E+11,NE
7292356,1.01004E+11,NE
7292388,1.01004E+11,NE
7292394,1.01004E+11,NE
7292406,1.01004E+11,NE
7292412,1.01004E+11,NE
7292420,1.01004E+11,NE
7292423,1.01004E+11,NE
7292455,1.01004E+11,NE
7292467,1.01004E+11,SE
7292490,1.01004E+11,NE
7292491,1.01004E+11,NE
7292547,1.01004E+11,NE
7292579,1.01004E+11,NE
7292588,1.01004E+11,NE
7292617,1.01004E+11,NE
7292712,1.01004E+11,NE
7292737,1.01004E+11,NE
7292779,1.01004E+11,NE
7292793,1.01004E+11,NE
7292798,1.01004E+11,NE
7292800,1.01004E+11,NW
7292864,1.01004E+11,NW
7292876,1.01004E+11,SE
7292892,1.01004E+11,NE
7292938,1.01004E+11,NE
7292968,1.01004E+11,NW
7292970,1.01004E+11,NE
7293128,366305-101003657134,NE
7293131,366307-101003657137,NE
7293132,366309-101003657138,NE
7293319,1.01004E+11,SW
7293350,1.01004E+11,NE
7293353,1.01004E+11,NE
7293357,1.01004E+11,NE
7293562,1.01004E+11,NE
7293567,1.01004E+11,NE
7293581,1.01004E+11,NE
7293587,1.01004E+11,SE
7293634,1.01004E+11,NE
7293644,1.01004E+11,NE
7293677,1.01004E+11,NE
7293688,1.01004E+11,NE
7293697,1.01004E+11,NE
7293709,1.01004E+11,NE
7293728,1.01004E+11,NE
7293743,1.01004E+11,NE
7293867,1.01004E+11,NE
7293890,1.01004E+11,NE
7293907,1.01004E+11,NE
7293910,1.01004E+11,NE
7293935,1.01004E+11,SE
7293938,1.01004E+11,SE
7293940,1.01004E+11,NE
7293951,1.01004E+11,NE
7293960,1.01004E+11,NE
7293979,1.01004E+11,NE
7293983,1.01004E+11,NE
7293990,1.01004E+11,NE
7294004,1.01004E+11,NE
7294041,1.01004E+11,SE
7294055,1.01004E+11,NE
7294072,1.01004E+11,NE
7294081,1.01004E+11,NW
7294086,1.01004E+11,NE
7294113,1.01004E+11,SW
7294133,1.01004E+11,NW
7294137,1.01004E+11,NE
7294211,1.01004E+11,NE
7294268,1.01004E+11,NE
7294367,1.01004E+11,NE
7294433,1.01004E+11,NE
7294451,1.01004E+11,NE
7294472,1.01004E+11,NE
7294490,1.01004E+11,NE
7294516,1.01004E+11,NE
7294524,1.01004E+11,SE
7294533,1.01004E+11,NE
7294644,1.01004E+11,NE
7294906,1.01004E+11,SE
7295079,1.01004E+11,NE
7295167,1.01004E+11,NE
7295251,1.01004E+11,NE
7295303,1.01004E+11,NE
7295463,1.01004E+11,SE
7295476,366895-101003659724,SE
7295480,1.01004E+11,NE
7295497,1.01004E+11,SE
7295520,366899-101003659770,SE
7295575,1.01004E+11,NE
7295583,1.01004E+11,NE
7295680,366916-101003659943,NW
7295718,1.01004E+11,NE
7295751,1.01004E+11,SE
7295766,1.01004E+11,NE
7295774,1.01004E+11,NE
7295800,1.01004E+11,NE
7295828,366928-101003660112,SE
7295838,1.01004E+11,NE
7295868,1.01004E+11,NE
7295878,1.01004E+11,SW
7295882,1.01004E+11,SW
7295885,1.01004E+11,SE
7295970,1.01004E+11,SW
7295988,1.01004E+11,SE
7296008,1.01004E+11,SE
7296193,1.01004E+11,NE
7296230,1.01004E+11,NW
7296354,1.01004E+11,SE
7296440,1.01004E+11,NE
7296458,1.01004E+11,NE
7296505,1.01004E+11,SW
7296524,1.01004E+11,NE
7296541,1.01004E+11,NW
7296545,1.01004E+11,NE
7296612,1.01004E+11,SW
7296701,1.01004E+11,NE
7296944,1.01004E+11,NE
7296962,1.01004E+11,NE
7297053,366940-101003661516,NW
7297129,1.01004E+11,NE
7297133,1.01004E+11,NE
7297178,1.01004E+11,NE
7297270,1.01004E+11,SE
7297328,1.01004E+11,NE
7297475,1.01004E+11,NW
7297508,1.01004E+11,NE
7297558,1.01004E+11,SW
7297585,1.01004E+11,NW
7297591,1.01004E+11,NW
7297606,1.01004E+11,NE
7297719,1.01004E+11,NE
7297774,1.01004E+11,SW
7297833,1.01004E+11,NE
7297865,1.01004E+11,SW
7298012,1.01004E+11,NE
7298022,1.01004E+11,SW
7298033,1.01004E+11,NE
7298041,1.01004E+11,SW
7298047,1.01004E+11,SW
7298082,1.01004E+11,NE
7298110,1.01004E+11,NE
7298113,1.01004E+11,NW
7298247,1.01004E+11,NE
7298305,1.01004E+11,NE
7298322,1.01004E+11,NE
7298357,1.01004E+11,NE
7298380,1.01004E+11,NW
7298391,1.01004E+11,NE
7298507,1.01004E+11,NE
7298560,1.01004E+11,NE
7298590,1.01004E+11,NE
7298649,1.01004E+11,SW
7298790,367114-101003663518,SW
7298990,1.01004E+11,SW
7299008,1.01004E+11,NE
7299023,1.01004E+11,NW
7299093,1.01004E+11,NE
7299114,1.01004E+11,NE
7299124,1.01004E+11,NW
7299158,1.01004E+11,NE
7299296,1.01004E+11,NE
7299305,1.01004E+11,NE
7299312,1.01004E+11,NE
7299315,1.01004E+11,NW
7299317,1.01004E+11,NW
7299373,1.01004E+11,NE
7299390,1.01004E+11,NE
7299403,1.01004E+11,NW
7299561,1.01004E+11,NE
7299626,1.01004E+11,NE
7299634,1.01004E+11,NE
7299641,1.01004E+11,NE
7299707,1.01004E+11,NE
7299717,1.01004E+11,NE
7299722,1.01004E+11,NE
7299738,1.01004E+11,NE
7299891,1.01004E+11,NW
7299922,1.01004E+11,NE
7300067,1.01004E+11,NW
7300080,1.01004E+11,NE
7300081,1.01004E+11,NE
7300082,1.01004E+11,NE
7300095,1.01004E+11,NE
7300109,1.01004E+11,NE
7300179,1.01004E+11,NE
7300184,1.01004E+11,NE
7300197,1.01004E+11,NE
7300255,1.01004E+11,SE
7300342,1.01004E+11,NE
7300356,1.01004E+11,NE
7300390,1.01004E+11,NE
7300432,1.01004E+11,NE
7300466,1.01004E+11,NW
7300479,1.01004E+11,NE
7300731,1.01004E+11,NE
7300794,1.01004E+11,SE
7300844,1.01004E+11,NE
7300891,1.01004E+11,SE
7301081,1.01004E+11,NE
7301082,367620-101003666133,NW
7301094,1.01004E+11,SE
7301133,1.01004E+11,NE
7301134,367630-101003666193,SW
7301150,1.01004E+11,NE
7301241,1.01004E+11,NE
7301243,1.01004E+11,NE
7301269,1.01004E+11,NE
7301396,1.01004E+11,NW
7301400,1.01004E+11,NW
7301434,1.01004E+11,NE
7301625,367668-101003666729,NE
7301644,1.01004E+11,NE
7301660,367673-101003666769,SW
7301681,1.01004E+11,NE
7301697,367678-101003666807,SW
7302007,1.01004E+11,NW
7302208,1.01004E+11,SW
7302211,1.01004E+11,SW
7302412,1.01004E+11,NW
7302434,1.01004E+11,SW
7302520,1.01004E+11,NE
7302939,1.01004E+11,NE
7302967,1.01004E+11,NE
7302975,1.01004E+11,NE
7302989,1.01004E+11,NW
7303060,1.01004E+11,NE
7303087,1.01004E+11,NE
7303117,1.01004E+11,SW
7303153,1.01004E+11,NE
7303214,1.01004E+11,SW
7303367,1.01004E+11,SE
7303585,1.01004E+11,NW
7303607,1.01004E+11,NW
7303901,1.01004E+11,SW
7303947,367656-101003669421,SW
7303977,367840-101003669452,SW
7303988,367863-101003669463,SW
7303997,367889-101003669473,SW
7304024,367943-101003669502,SW
7304076,1.01004E+11,NE
7304300,1.01004E+11,NE
7304307,1.01004E+11,NW
7304310,1.01004E+11,NW
7304402,1.01004E+11,NE
7304620,1.01004E+11,NE
7304808,368017-101003670344,NE
7304815,1.01004E+11,NE
7304914,1.01004E+11,NW
7304962,1.01004E+11,SE
7304992,1.01004E+11,NE
7305023,1.01004E+11,NE
7305095,1.01004E+11,NE
7305198,1.01004E+11,NE
7305209,1.01004E+11,NE
7305212,1.01004E+11,NE
7305214,1.01004E+11,NE
7305216,1.01004E+11,NE
7305223,1.01004E+11,NE
7305226,1.01004E+11,NE
7305227,1.01004E+11,NE
7305233,1.01004E+11,NE
7305234,1.01004E+11,NE
7305237,1.01004E+11,NE
7305239,1.01004E+11,NE
7305245,1.01004E+11,NE
7305256,1.01004E+11,NE
7305260,1.01004E+11,NE
7305277,1.01004E+11,NE
7305279,1.01004E+11,NE
7305282,1.01004E+11,NE
7305285,1.01004E+11,NE
7305301,1.01004E+11,NE
7305305,1.01004E+11,NE
7305308,1.01004E+11,NE
7305312,1.01004E+11,NE
7305313,1.01004E+11,NE
7305314,1.01004E+11,NE
7305321,1.01004E+11,NE
7305327,1.01004E+11,NE
7305332,1.01004E+11,NE
7305334,1.01004E+11,NE
7305337,1.01004E+11,NE
7305385,1.01004E+11,NE
7305454,368087-101003671089,SE
7305566,1.01004E+11,NE
7305630,1.01004E+11,NE
7305631,1.01004E+11,NE
7305712,1.01004E+11,NE
7305715,1.01004E+11,NE
7305717,1.01004E+11,NE
7305720,1.01004E+11,NE
7305721,1.01004E+11,NE
7305725,1.01004E+11,NE
7305726,1.01004E+11,NE
7305730,1.01004E+11,NE
7305733,1.01004E+11,NE
7305734,1.01004E+11,NE
7305735,1.01004E+11,NE
7305738,1.01004E+11,NE
7305745,1.01004E+11,NE
7305746,1.01004E+11,NE
7305747,1.01004E+11,NE
7305749,1.01004E+11,NE
7305752,1.01004E+11,NE
7305753,1.01004E+11,NE
7305755,1.01004E+11,NE
7305757,1.01004E+11,NE
7305758,1.01004E+11,NE
7305760,1.01004E+11,NE
7305761,1.01004E+11,NE
7305762,1.01004E+11,NE
7305765,1.01004E+11,NE
7305769,1.01004E+11,NE
7305779,1.01004E+11,NE
7305852,1.01004E+11,NE
7305992,1.01004E+11,NE
7306017,1.01004E+11,NW
7306036,1.01004E+11,SW
7306095,1.01004E+11,NE
7306300,1.01004E+11,NE
7306454,1.01004E+11,SW
7306475,1.01004E+11,NE
7306511,1.01004E+11,NE
7306571,1.01004E+11,NE
7306619,1.01004E+11,NE
7306682,1.01004E+11,NE
7306803,1.01004E+11,SW
7307015,368158-101003672878,SE
7307046,368271-101003672911,SW
7307134,1.01004E+11,NE
7307170,1.01004E+11,SE
7307181,368317-101003673049,SW
7307186,1.01004E+11,NE
7307225,1.01004E+11,NE
7307251,1.01004E+11,NE
7307339,1.01004E+11,NE
7307362,1.01004E+11,NE
7307395,1.01004E+11,NE
7307434,368339-101003673322,NE
7307611,1.01004E+11,NE
7307665,1.01004E+11,NE
7307714,1.01004E+11,NE
7307771,1.01004E+11,SW
7308094,1.01004E+11,NE
7308249,1.01004E+11,NE
7308344,1.01004E+11,NE
7308388,1.01004E+11,NW
7308561,1.01004E+11,NE
7308565,1.01004E+11,NW
7308760,1.01004E+11,NW
7308900,1.01004E+11,NW
7308933,1.01004E+11,SE
7309037,1.01004E+11,NW
7309039,1.01004E+11,NW
7309055,1.01004E+11,SW
7309139,1.01004E+11,SW
7309142,1.01004E+11,SW
7309253,368355-101003675324,NW
7309255,368364-101003675326,NE
7309285,368419-101003675358,NE
7309286,368418-101003675357,NE
7309357,368571-101003675436,NE
7309359,368572-101003675437,NE
7309360,368573-101003675438,NE
7309361,368574-101003675439,NE
7309362,368575-101003675440,NE
7309363,368576-101003675441,NE
7309364,368577-101003675442,NE
7309366,368578-101003675443,NE
7309367,368580-101003675445,NE
7309381,368611-101003675460,SE
7309413,368683-101003675492,NE
7309414,368685-101003675494,NE
7309416,368687-101003675495,SE
7309417,368688-101003675496,SE
7309419,368690-101003675498,NE
7309420,368693-101003675499,NE
7309433,368712-101003675514,SE
7309434,368711-101003675515,SE
7309444,368723-101003675525,NE
7309461,1.01004E+11,SE
7309515,1.01004E+11,NE
7309554,1.01004E+11,NE
7309630,1.01004E+11,NW
7309641,1.01004E+11,NW
7309644,1.01004E+11,NE
7309684,1.01004E+11,NW
7309820,1.01004E+11,NE
7309823,1.01004E+11,SE
7309834,1.01004E+11,NE
7309910,1.01004E+11,NE
7309959,1.01004E+11,NE
7310020,1.01004E+11,NE
7310135,1.01004E+11,NE
7310227,1.01004E+11,NW
7310232,1.01004E+11,NW
7310253,1.01004E+11,NE
7310259,1.01004E+11,NE
7310261,1.01004E+11,NE
7310279,1.01004E+11,NE
7310283,1.01004E+11,NE
7310288,1.01004E+11,NE
7310446,1.01004E+11,NE
7310510,1.01004E+11,NE
7310886,368809-101003677148,SW
7310903,368845-101003677170,SE
7310938,1.01004E+11,SW
7311111,1.01004E+11,SE
7311191,1.01004E+11,NE
7311504,1.01004E+11,SE
7311564,1.01004E+11,SW
7311598,1.01004E+11,NE
7311607,1.01004E+11,NW
7311926,1.01004E+11,SW
7312031,1.01004E+11,NE
7312041,1.01004E+11,SE
7312051,1.01004E+11,NE
7312159,1.01004E+11,SW
7312219,1.01004E+11,NE
7312240,1.01004E+11,NW
7312298,1.01004E+11,SE
7312320,1.01004E+11,SE
7312339,1.01004E+11,NW
7312418,1.01004E+11,NW
7312465,1.01004E+11,SE
7312547,1.01004E+11,NE
7312765,1.01004E+11,NE
7313168,1.01004E+11,NW
7313380,1.01004E+11,SW
7313440,1.01004E+11,NE
7313502,1.01004E+11,SW
7313624,1.01004E+11,NW
7313691,1.01004E+11,SE
7313722,1.01004E+11,SW
7313809,1.01004E+11,NE
7313844,1.01004E+11,NW
7313848,1.01004E+11,NW
7313917,1.01004E+11,NW
7313963,1.01004E+11,NE
7313988,1.01004E+11,SW
7314121,1.01004E+11,NW
7314183,1.01004E+11,NE
7314482,1.01004E+11,SE
7314575,1.01004E+11,SW
7314594,1.01004E+11,SW
7314632,368951-101003681455,NW
7314634,368954-101003681457,NW
7314647,368985-101003681470,NW
7314717,369171-101003681541,SW
7314726,369200-101003681551,NE
7314734,369225-101003681558,NE
7314931,1.01004E+11,SW
7314932,1.01004E+11,SW
7314994,1.01004E+11,SE
7315032,1.01004E+11,NE
7315054,1.01004E+11,SW
7315067,1.01004E+11,SW
7315279,1.01004E+11,NE
7315510,1.01004E+11,SE
7315518,1.01004E+11,SW
7315761,1.01004E+11,NE
7315838,1.01004E+11,NE
7315876,1.01004E+11,NW
7315923,369575-101003682924,NE
7315926,369581-101003682927,NE
7315927,369580-101003682928,NE
7315932,369587-101003682935,NE
7315969,1.01004E+11,SE
7316109,1.01004E+11,NW
7316171,1.01004E+11,SW
7316396,1.01004E+11,NW
7316401,1.01004E+11,NW
7316434,1.01004E+11,SW
7316473,1.01004E+11,NW
7316484,1.01004E+11,NE
7316486,1.01004E+11,NE
7316527,1.01004E+11,SW
7316550,1.01004E+11,NE
7316572,1.01004E+11,SE
7316577,1.01004E+11,SE
7316602,1.01004E+11,NW
7316623,1.01004E+11,NW
7316643,1.01004E+11,NE
7316669,369764-101003683740,NE
7316670,1.01004E+11,SW
7316733,1.01004E+11,NE
7316751,1.01004E+11,NE
7316753,369809-101003683831,SE
7316754,369810-101003683830,SE
7316755,1.01004E+11,NE
7316805,369465-101003683884,NE
7316844,369749-101003683926,SW
7316881,1.01004E+11,SW
7316921,1.01004E+11,SE
7317197,369852-101003684304,SW
7317316,1.01004E+11,SW
7317319,1.01004E+11,SW
7317475,1.01004E+11,SE
7317506,369875-101003684664,SW
7317602,1.01004E+11,NE
7317707,1.01004E+11,SE
7317738,369897-101003684940,NE
7317799,1.01004E+11,SE
7317909,369915-101003685151,NE
7317945,1.01004E+11,NW
7317956,369929-101003685205,NE
7317967,1.01004E+11,SE
7317988,1.01004E+11,SE
7318121,1.01004E+11,SE
7318128,1.01004E+11,SW
7318159,1.01004E+11,NW
7318208,1.01004E+11,NE
7318290,1.01004E+11,SW
7318381,1.01004E+11,NW
7318451,1.01004E+11,NE
7318466,1.01004E+11,NW
7318493,1.01004E+11,SW
7318521,1.01004E+11,NW
7318544,1.01004E+11,SW
7318550,1.01004E+11,SW
7318605,1.01004E+11,SW
7318657,1.01004E+11,SE
7318695,1.01004E+11,NW
7318791,1.01004E+11,NE
7318886,1.01004E+11,NW
7319112,1.01004E+11,NE
7319275,1.01004E+11,SE
7319503,1.01004E+11,NW
7319678,1.01004E+11,SW
7319702,1.01004E+11,NE
7319859,370188-101003687368,SE
7319981,1.01004E+11,NE
7320032,1.01004E+11,NE
7320079,1.01004E+11,NW
7320090,1.01004E+11,SW
7320126,1.01004E+11,NE
7320127,1.01004E+11,NE
7320149,1.01004E+11,NE
7320172,1.01004E+11,NW
7320210,1.01004E+11,NE
7320249,1.01004E+11,NE
7320267,1.01004E+11,SE
7320338,1.01004E+11,SW
7320345,1.01004E+11,SW
7320611,1.01004E+11,NW
7320612,1.01004E+11,NW
7320703,1.01004E+11,NE
7320715,370341-101003688365,SW
7320802,1.01004E+11,SW
7320827,370353-101003688493,SW
7320985,370372-101003688685,SW
7320987,370371-101003688687,NW
7321014,370381-101003688717,SE
7321025,1.01004E+11,SW
7321027,1.01004E+11,SW
7321118,1.01004E+11,SW
7321199,1.01004E+11,NE
7321348,1.01004E+11,NW
7321396,1.01004E+11,SE
7321537,1.01004E+11,NE
7321590,370435-101003689409,NE
7321591,370436-101003689410,NE
7321592,370438-101003689411,NE
7321593,370440-101003689412,NE
7321594,370441-101003689413,NE
7321595,370442-101003689414,NE
7321597,370434-101003689416,NE
7321639,1.01004E+11,SW
7321685,1.01004E+11,SE
7321769,1.01004E+11,NW
7321965,1.01004E+11,SW
7322309,1.01004E+11,NE
7322419,1.01004E+11,NW
7322458,1.01004E+11,SW
7322876,1.01004E+11,NE
7322883,1.01004E+11,NE
7323114,1.01004E+11,SE
7323135,1.01004E+11,NW
7323228,1.01004E+11,NE
7323285,1.01004E+11,SW
7323286,1.01004E+11,NE
7323384,1.01004E+11,SW
7323394,1.01004E+11,SW
7323523,1.01004E+11,NE
7323534,1.01004E+11,SW
7323630,1.01004E+11,SE
7323711,370348-101003691746,NE
7323725,370605-101003691762,NW
7323745,370642-101003691782,SW
7323813,1.01004E+11,NE
7323836,1.01004E+11,NW
7324021,1.01004E+11,NE
7324086,1.01004E+11,SW
7324126,1.01004E+11,NE
7324323,1.01004E+11,NW
7324401,1.01004E+11,NE
7324679,1.01004E+11,NE
7324915,1.01004E+11,NW
7324931,1.01004E+11,NW
7324945,1.01004E+11,NE
7324969,1.01004E+11,NE
7325078,1.01004E+11,SW
7325090,1.01004E+11,NW
7325195,1.01004E+11,SW
7325334,1.01004E+11,NE
7325381,1.01004E+11,SE
7325385,1.01004E+11,SE
7325836,1.01004E+11,NE
7325842,1.01004E+11,NE
7325845,1.01004E+11,NE
7325850,1.01004E+11,NE
7325852,1.01004E+11,NE
7325854,1.01004E+11,NE
7325919,1.01004E+11,NE
7326195,370820-101003694644,SW
7326213,370861-101003694662,SW
7326247,370943-101003694697,NW
7326262,370974-101003694711,NE
7326457,1.01004E+11,SE
7326472,1.01004E+11,NE
7326855,1.01004E+11,SW
7327157,1.01004E+11,NW
7327173,1.01004E+11,SW
7327268,1.01004E+11,SE
7327274,1.01004E+11,NW
7327346,1.01004E+11,NE
7327467,1.01004E+11,SW
7327497,371104-101003696089,NW
7327554,371236-101003696146,NE
7327599,371244-101003696193,NE
7327709,1.01004E+11,SE
7327743,1.01004E+11,SW
7327746,1.01004E+11,SW
7327964,1.01004E+11,NW
7328058,1.01004E+11,NW
7328091,1.01004E+11,SE
7328130,1.01004E+11,SE
7328210,1.01004E+11,SE
7328214,1.01004E+11,SE
7328234,1.01004E+11,NE
7328245,1.01004E+11,NE
7328423,1.01004E+11,SW
7328784,1.01004E+11,NE
7328852,1.01004E+11,NW
7328910,1.01004E+11,NE
7329046,1.01004E+11,NE
7329141,1.01004E+11,NE
7329216,1.01004E+11,SE
7329258,1.01004E+11,NW
7329261,1.01004E+11,NW
7329495,1.01004E+11,SW
7329632,1.01004E+11,SW
7329633,1.01004E+11,SW
7329796,1.01004E+11,NW
7329812,1.01004E+11,SW
7329938,1.01004E+11,NW
7330343,1.01004E+11,SW
7330345,1.01004E+11,NW
7330488,371451-101003699437,NE
7330491,371453-101003699439,NE
7330584,371696-101003699538,NE
7330586,371700-101003699540,SW
7330660,1.01004E+11,NE
7330675,1.01004E+11,NW
7330783,1.01004E+11,NE
7330838,1.01004E+11,SW
7330894,1.01004E+11,NW
7330923,1.01004E+11,SE
7331020,1.01004E+11,SW
7331082,1.01004E+11,NW
7331085,1.01004E+11,NW
7331172,1.01004E+11,NE
7331205,1.01004E+11,NE
7331225,1.01004E+11,NE
7331294,1.01004E+11,NE
7331430,1.01004E+11,NE
7331879,1.01004E+11,NE
7331901,1.01004E+11,NW
7331943,1.01004E+11,NW
7332418,1.01004E+11,SE
7332422,1.01004E+11,SE
7332500,1.01004E+11,NE
7332512,1.01004E+11,NE
7332633,1.01004E+11,SW
7332869,371790-101003702250,SW
7332901,371843-101003702282,NE
7332903,371852-101003702284,SE
7332928,371944-101003702310,SW
7332958,372006-101003702342,NE
7332986,372072-101003702369,NE
7333100,1.01004E+11,SE
7333198,1.01004E+11,SW
7333231,1.01004E+11,SW
7333361,1.01004E+11,NE
7333363,1.01004E+11,NE
7333394,372139-101003702801,NW
7333577,1.01004E+11,NE
7333582,1.01004E+11,SW
7333583,1.01004E+11,NE
7334166,1.01004E+11,SW
7334297,1.01004E+11,NW
7334387,1.01004E+11,SE
7334388,1.01004E+11,SE
7334411,1.01004E+11,SW
7334490,372288-101003704066,SE
7334537,1.01004E+11,SW
7334539,1.01004E+11,SW
7334973,1.01004E+11,NW
7335256,1.01004E+11,SE
7335283,1.01004E+11,NE
7335284,1.01004E+11,NE
7335363,1.01004E+11,SW
7335365,1.01004E+11,SW
7335496,1.01004E+11,SW
7335717,1.01004E+11,SW
7335766,1.01004E+11,NW
7336161,1.01004E+11,SW
7336309,1.01004E+11,NW
7336685,1.01004E+11,NW
7336686,1.01004E+11,NW
7336710,1.01004E+11,SW
7337066,372546-101003706993,NE
7337071,372552-101003706998,NW
7337365,1.01004E+11,NW
7337399,1.01004E+11,NW
7337462,1.01004E+11,NW
7337540,1.01004E+11,NE
7337684,1.01004E+11,NW
7338012,1.01004E+11,NE
7338015,1.01004E+11,NE
7338071,1.01004E+11,NW
7338101,1.01004E+11,NW
7338294,1.01004E+11,SW
7338295,1.01004E+11,SW
7338542,1.01004E+11,SE
7338671,1.01004E+11,SW
7338766,1.01004E+11,NW
7338809,1.01004E+11,NE
7339067,1.01004E+11,NE
7339101,1.01004E+11,SW
7339275,1.01004E+11,SE
7339278,1.01004E+11,SE
7339308,1.01004E+11,SE
7339456,1.01004E+11,NW
7339461,1.01004E+11,NW
7339465,1.01004E+11,SW
7339466,1.01004E+11,SW
7339509,1.01004E+11,NW
7339546,1.01004E+11,SW
7339726,1.01004E+11,NW
7339750,372916-101003710126,NW
7339893,1.01004E+11,NW
7339896,1.01004E+11,NE
7340150,1.01004E+11,NE
7340365,1.01004E+11,SW
7340371,1.01004E+11,SW
7340372,1.01004E+11,SW
7340561,1.01004E+11,NW
7341069,373099-101003711595,SW
7341096,373169-101003711623,SW
7341204,1.01004E+11,SE
7341333,373274-101003711870,SE
7341440,1.01004E+11,NW
7341533,1.01004E+11,SW
7341594,1.01004E+11,SE
7341603,1.01004E+11,SE
7341607,1.01004E+11,SE
7341616,1.01004E+11,SW
7341924,1.01004E+11,NW
7341925,1.01004E+11,NW
7342088,373349-101003712745,NW
7342089,373347-101003712746,SW
7342330,1.01004E+11,SW
7342590,1.01004E+11,SE
7342668,1.01004E+11,NE
7342945,1.01004E+11,NE
7342985,1.01004E+11,SW
7343040,1.01004E+11,NE
7343126,1.01004E+11,NE
7343193,1.01004E+11,NW
7343271,1.01004E+11,NW
7343273,1.01004E+11,NW
7343715,1.01004E+11,SE
7344066,1.01004E+11,SE
7344318,1.01004E+11,NE
7344359,1.01004E+11,NW
7344560,1.01004E+11,SE
7345053,373772-101003715956,SW
7345057,373777-101003715960,NE
7345061,373781-101003715964,NW
7345080,373832-101003715984,NW
7345090,373850-101003715995,NE
7345091,373849-101003715994,NE
7345092,373851-101003715996,NE
7345093,373852-101003715997,NE
7345095,373854-101003715999,NE
7345096,373855-101003716000,NE
7345097,373856-101003716001,NE
7345098,373857-101003716002,NE
7345099,373858-101003716003,NE
7345100,373860-101003716004,NE
7345101,373859-101003716005,NE
7345102,373862-101003716006,NE
7345103,373863-101003716007,NE
7345263,1.01004E+11,NE
7345362,1.01004E+11,SE
7345367,1.01004E+11,SW
7345456,1.01004E+11,NE
7345646,373933-101003716597,NW
7345715,1.01004E+11,SE
7345820,1.01004E+11,SW
7345895,1.01004E+11,NW
7345956,373958-101003717007,NW
7345980,373960-101003717042,NW
7345990,1.01004E+11,NW
7346080,1.01004E+11,SW
7346095,1.01004E+11,SW
7346334,1.01004E+11,NW
7346388,373953-101003717610,SW
7346396,1.01004E+11,NW
7346397,1.01004E+11,NW
7346620,1.01004E+11,SW
7346650,1.01004E+11,NW
7346792,1.01004E+11,NW
7346877,1.01004E+11,SE
7346885,1.01004E+11,NW
7346887,1.01004E+11,NW
7347204,1.01004E+11,NE
7347307,1.01004E+11,NE
7347311,1.01004E+11,SE
7347591,1.01004E+11,NW
7347611,374079-101003719171,NW
7347617,374098-101003719178,SW
7348078,1.01004E+11,SW
7348866,1.01004E+11,NW
7348985,1.01004E+11,SE
7349193,1.01004E+11,NW
7349528,1.01004E+11,SW
7349852,1.01004E+11,NE
7350307,1.01004E+11,NE
7350434,1.01004E+11,NW
7350763,1.01004E+11,NW
7350916,374628-101003722866,SW
7350942,1.01004E+11,NW
7350964,1.01004E+11,SW
7350976,1.01004E+11,NW
7351000,1.01004E+11,NW
7351012,1.01004E+11,NW
7351102,1.01004E+11,SW
7351141,1.01004E+11,NE
7351238,374671-101003723279,SW
7351398,1.01004E+11,NW
7351399,1.01004E+11,NW
7351484,1.01004E+11,SW
7351501,1.01004E+11,SE
7351717,1.01004E+11,SW
7351913,374609-101003724095,NW
7351920,374644-101003724102,SE
7351931,374694-101003724116,SW
7351941,374711-101003724126,SW
7352000,1.01004E+11,SE
7352157,1.01004E+11,NE
7352249,1.01004E+11,SW
7352628,1.01004E+11,NE
7352744,1.01004E+11,NE
7352901,1.01004E+11,NE
7352916,1.01004E+11,NW
7353081,1.01004E+11,NW
7353116,1.01004E+11,NW
7353205,1.01004E+11,NW
7353214,1.01004E+11,NW
7353305,1.01004E+11,NW
7353306,1.01004E+11,NW
7353368,1.01004E+11,SE
7353566,1.01004E+11,NE
7353572,374967-101003726035,NW
7353690,1.01004E+11,NW
7353778,1.01004E+11,SW
7353783,1.01004E+11,SE
7353861,374992-101003726337,NW
7353868,1.01004E+11,NW
7354125,375019-101003726623,SE
7354257,1.01004E+11,NE
7354355,1.01004E+11,SW
7354404,1.01004E+11,NW
7354543,1.01004E+11,SW
7354699,1.01004E+11,SW
7354700,1.01004E+11,SW
7354706,1.01004E+11,NE
7354749,1.01004E+11,NW
7354869,1.01004E+11,SW
7354877,1.01004E+11,SW
7355256,1.01004E+11,NW
7355302,1.01004E+11,SE
7355360,1.01004E+11,SW
7355679,375112-101003728444,SW
7355680,375116-101003728445,NW
7355683,375127-101003728450,NE
7355685,375130-101003728451,NW
7355721,1.01004E+11,SW
7355728,375199-101003728495,NW
7355786,1.01004E+11,NW
7355948,375239-101003728739,SW
7355988,1.01004E+11,SW
7356096,1.01004E+11,NW
7356101,1.01004E+11,SE
7356180,1.01004E+11,SW
7356183,1.01004E+11,SW
7356190,1.01004E+11,NW
7356246,1.01004E+11,NE
7356351,1.01004E+11,NW
7356353,1.01004E+11,NW
7356383,1.01004E+11,NE
7356550,1.01004E+11,SW
7356685,1.01004E+11,SE
7356896,1.01004E+11,NW
7357093,1.01004E+11,SW
7357107,1.01004E+11,SW
7357185,1.01004E+11,SE
7357188,1.01004E+11,SE
7357396,1.01004E+11,SW
7357407,1.01004E+11,SW
7357452,375291-101003730420,SW
7357484,375363-101003730452,NW
7357549,1.01004E+11,NE
7357653,1.01004E+11,NE
7357656,1.01004E+11,NE
7357722,1.01004E+11,NW
7357869,1.01004E+11,SW
7357925,1.01004E+11,SW
7357927,1.01004E+11,SW
7358310,1.01004E+11,SW
7358373,1.01004E+11,SE
7358611,1.01004E+11,SW
7358904,1.01004E+11,SW
7358918,1.01004E+11,SW
7358940,1.01004E+11,SE
7359135,1.01004E+11,SE
7359582,1.01004E+11,NW
7359645,1.01004E+11,SW
7359714,1.01004E+11,SW
7359715,1.01004E+11,SW
7359806,1.01004E+11,NW
7359846,375602-101003733346,SE
7359863,375625-101003733363,NW
7359870,375646-101003733370,SW
7359888,375686-101003733389,NW
7359907,375736-101003733410,NE
7360033,1.01004E+11,NW
7360174,1.01004E+11,SW
7360177,1.01004E+11,SW
7360186,1.01004E+11,SW
7360187,1.01004E+11,SW
7360232,375872-101003733767,SW
7360432,1.01004E+11,NE
7360481,1.01004E+11,NW
7360519,1.01004E+11,NW
7360771,375848-101003734364,SW
7360815,1.01004E+11,SW
7360823,376006-101003734424,NE
7361144,1.01004E+11,NW
7361170,1.01004E+11,SW
7361188,1.01004E+11,NW
7361238,1.01004E+11,NW
7361239,1.01004E+11,NW
7361312,1.01004E+11,NW
7361559,1.01004E+11,NW
7361649,1.01004E+11,SW
7361791,1.01004E+11,SE
7361906,1.01004E+11,NE
7361984,1.01004E+11,SW
7362034,1.01004E+11,NW
7362071,1.01004E+11,SW
7362232,1.01004E+11,SE
7362320,1.01004E+11,SE
7362324,1.01004E+11,SE
7362333,1.01004E+11,SE
7362348,1.01004E+11,NE
7362455,1.01004E+11,NW
7362457,1.01004E+11,NW
7362472,1.01004E+11,NW
7362568,1.01004E+11,SW
7362659,1.01004E+11,SE
7362717,1.01004E+11,NW
7362737,1.01004E+11,NW
7362757,1.01004E+11,NW
7362759,1.01004E+11,NW
7362769,1.01004E+11,SW
7362875,1.01004E+11,NE
7362978,1.01004E+11,SE
7362998,1.01004E+11,NE
7363034,1.01004E+11,NW
7363217,1.01004E+11,NW
7363375,376324-101003737469,NE
7363381,376347-101003737476,SE
7363386,376365-101003737481,NE
7363387,376364-101003737482,NE
7363408,376445-101003737503,SE
7363422,376488-101003737519,SW
7363464,376572-101003737561,NW
7363468,376578-101003737565,SE
7363652,1.01004E+11,SW
7363686,1.01004E+11,SE
7364320,1.01004E+11,SE
7364360,376732-101003738604,NW
7364605,1.01004E+11,SE
7364827,1.01004E+11,SE
7364839,1.01004E+11,NW
7364973,1.01004E+11,NE
7364975,1.01004E+11,NE
7365012,1.01004E+11,NW
7365015,1.01004E+11,NW
7365029,1.01004E+11,NE
7365050,1.01004E+11,NE
7365219,1.01004E+11,SW
7365318,1.01004E+11,NE
7365387,1.01004E+11,SW
7365431,1.01004E+11,NW
7365669,1.01004E+11,NE
7365864,1.01004E+11,NE
7365904,1.01004E+11,NW
7366296,1.01004E+11,NW
7366412,1.01004E+11,NW
7366417,1.01004E+11,NW
7366590,1.01004E+11,SW
7367123,377147-101003741715,SE
7367190,1.01004E+11,NW
7367192,1.01004E+11,SW
7367204,1.01004E+11,NE
7367245,1.01004E+11,NW
7367247,1.01004E+11,NW
7367446,1.01004E+11,SW
7367454,1.01004E+11,NE
7367644,1.01004E+11,NW
7367647,1.01004E+11,NW
7367956,1.01004E+11,SW
7368080,377455-101003742829,SW
7368179,1.01004E+11,SW
7368343,1.01004E+11,NW
7368489,1.01004E+11,SW
7368507,1.01004E+11,SW
7368579,1.01004E+11,SW
7368629,1.01004E+11,SE
7368673,1.01004E+11,NW
7368762,1.01004E+11,NW
7368772,1.01004E+11,NW
7368797,1.01004E+11,SW
7369137,1.01004E+11,NW
7369356,1.01004E+11,SE
7369357,1.01004E+11,SE
7369414,1.01004E+11,SW
7369679,1.01004E+11,NW
7369812,1.01004E+11,SE
7369889,1.01004E+11,NE
7369956,1.01004E+11,SW
7370103,1.01004E+11,NW
7370104,1.01004E+11,NW
7370263,1.01004E+11,NE
7370274,1.01004E+11,SE
7370406,1.01004E+11,NE
7370505,1.01004E+11,NE
7370572,1.01004E+11,NW
7370870,1.01004E+11,NW
7370972,1.01004E+11,NW
7371337,377864-101003746513,SW
7371342,377882-101003746518,SW
7371482,1.01004E+11,NW
7371586,1.01004E+11,NE
7371801,1.01004E+11,NE
7371917,1.01004E+11,SW
7371918,1.01004E+11,SW
7371987,1.01004E+11,NE
7371989,1.01004E+11,NE
7372114,1.01004E+11,SW
7372167,1.01004E+11,SW
7372358,1.01004E+11,NE
7372907,1.01004E+11,NW
7372969,1.01004E+11,SE
7373263,1.01004E+11,SE
7373304,1.01004E+11,NE
7373337,1.01004E+11,NE
7373618,1.01004E+11,SW
7373946,1.01004E+11,SW
7373950,1.01004E+11,SW
7374076,1.01004E+11,NE
7374124,1.01004E+11,NE
7374126,1.01004E+11,NE
7374363,1.01004E+11,SW
7374376,1.01004E+11,SW
7374523,1.01004E+11,NW
7374674,1.01004E+11,SW
7375115,1.01004E+11,SW
7375142,1.01004E+11,NE
7375186,1.01004E+11,NE
7375191,1.01004E+11,NE
7375319,1.01004E+11,SW
7375322,1.01004E+11,SW
7375330,1.01004E+11,SE
7375350,1.01004E+11,SW
7375351,1.01004E+11,SW
7375667,378726-101003771497,SW
7375676,378735-101003771506,NW
7375683,378743-101003771515,NE
7375736,378795-101003771569,NW
7375758,378815-101003771592,NW
7375786,378842-101003771620,NW
7375789,378844-101003771622,NW
7375799,378855-101003771632,NW
7376008,1.01004E+11,NE
7376044,1.01004E+11,NW
7376386,378943-101003772344,NE
7376443,378592-101003772402,NE
7376755,1.01004E+11,NE
7376831,378998-101003772805,NW
7376860,1.01004E+11,NW
7377038,1.01004E+11,NW
7377309,1.01004E+11,NW
7377464,1.01004E+11,SE
7377467,1.01004E+11,SW
7377665,1.01004E+11,SW
7377763,1.01004E+11,SE
7377764,1.01004E+11,SE
7377782,1.01004E+11,NW
7378121,1.01004E+11,NW
7378451,1.01004E+11,NE
7378463,1.01004E+11,SW
7378468,1.01004E+11,NE
7378594,1.01004E+11,NW
7378595,1.01004E+11,SW
7378597,1.01004E+11,SW
7378780,1.01004E+11,SE
7378821,379149-101003775091,NE
7378885,1.01004E+11,SW
7379068,1.01004E+11,NE
7379302,1.01004E+11,NE
7379536,1.01004E+11,SE
7379586,1.01004E+11,NE
7379736,1.01004E+11,SW
7379913,1.01004E+11,SE
7379987,1.01004E+11,NE
7380050,379280-101003776487,SW
7380228,1.01004E+11,SE
7380393,1.01004E+11,NE
7380471,1.01004E+11,SE
7380633,1.01004E+11,NE
7381089,1.01004E+11,NW
7381104,1.01004E+11,NW
7381105,1.01004E+11,NW
7381150,1.01004E+11,SE
7381201,1.01004E+11,NE
7381647,379609-101003778255,NW
7381648,379610-101003778256,NW
7381650,379614-101003778258,SW
7381656,379624-101003778265,SW
7381671,379660-101003778283,NW
7381676,379678-101003778289,NW
7381691,379744-101003778306,NW
7381740,1.01004E+11,NE
7381744,1.01004E+11,NW
7382057,1.01004E+11,SE
7382211,1.01004E+11,SE
7382229,1.01004E+11,NW
7382376,1.01004E+11,NW
7382504,1.01004E+11,SW
7382507,1.01004E+11,SW
7382586,1.01004E+11,NW
7383042,1.01004E+11,NW
7383043,1.01004E+11,NW
7383257,1.01004E+11,NE
7383414,1.01004E+11,SE
7383619,1.01004E+11,NW
7383633,1.01004E+11,NW
7383758,1.01004E+11,NW
7383976,1.01004E+11,NE
7384016,1.01004E+11,SW
7384112,1.01004E+11,NW
7384134,1.01004E+11,NE
7384191,1.01004E+11,NE
7384218,1.01004E+11,SE
7384299,1.01004E+11,SW
7384332,379772-101003781324,SW
7384338,379807-101003781332,SW
7384364,379885-101003781358,NE
7384408,380030-101003781408,SE
7384409,380036-101003781409,SE
7384419,380055-101003781420,SE
7384432,380077-101003781433,NW
7384441,380089-101003781442,SW
7384459,1.01004E+11,NW
7384460,1.01004E+11,NW
7384480,1.01004E+11,NW
7384588,1.01004E+11,SE
7384859,1.01004E+11,NE
7384923,1.01004E+11,NE
7384933,1.01004E+11,NW
7384985,380159-101003782060,NE
7385078,1.01004E+11,SE
7385182,1.01004E+11,SE
7385295,1.01004E+11,NW
7385298,380189-101003782433,NW
7385372,1.01004E+11,SE
7385385,1.01004E+11,SW
7385768,380257-101003782951,SW
7385795,1.01004E+11,SE
7385834,1.01004E+11,NW
7386117,380387-101003783313,NW
7386215,1.01004E+11,SE
7386767,1.01004E+11,NE
7386909,1.01004E+11,NW
7387162,1.01004E+11,NW
7387506,1.01004E+11,NW
7387582,1.01004E+11,SW
7387583,1.01004E+11,NE
7387842,1.01004E+11,SE
7388150,1.01004E+11,NW
7388180,1.01004E+11,SE
7388218,1.01004E+11,NW
7388219,1.01004E+11,NW
7388237,1.01004E+11,SE
7388301,1.01004E+11,SE
7388398,1.01004E+11,NW
7388450,1.01004E+11,NE
7388452,1.01004E+11,NE
7388491,1.01004E+11,NW
7388492,1.01004E+11,NW
7388694,1.01004E+11,NW
7388759,391319-101003885282,SE
7388818,1.01004E+11,NE
7388824,1.01004E+11,NW
7388825,1.01004E+11,NW
7388859,1.01004E+11,NE
7388945,1.01004E+11,NW
7388949,1.01004E+11,NW
7388974,1.01004E+11,NW
7388983,1.01004E+11,NW
7389034,1.01004E+11,NE
7389085,391439-101003885652,NE
7389131,1.01004E+11,SW
7389189,1.01004E+11,NW
7389268,1.01004E+11,NE
7389273,1.01004E+11,SW
7389384,1.01004E+11,NW
7389386,1.01004E+11,NW
7389434,1.01004E+11,NW
7389553,1.01004E+11,NE
7389609,1.01004E+11,SW
7389660,1.01004E+11,SW
7389682,1.01004E+11,NE
7390078,1.01004E+11,SW
7390110,1.01004E+11,NE
7390134,391456-101003886917,SE
7390203,1.01004E+11,NW
7390204,1.01004E+11,NW
7390321,1.01004E+11,SW
7390426,1.01004E+11,NW
7390459,1.01004E+11,SE
7390585,1.01004E+11,NE
7390620,1.01004E+11,SE
7390669,1.01004E+11,NE
7390732,1.01004E+11,SW
7390822,1.01004E+11,SW
7390898,1.01004E+11,SE
7390972,1.01004E+11,SW
7391237,1.01004E+11,SW
7391288,1.01004E+11,SE
7391333,1.01004E+11,NW
7391365,1.01004E+11,SW
7391441,1.01004E+11,NE
7391553,391716-101003888722,NE
7391631,1.01004E+11,SW
7391806,391787-101003889007,NE
7391913,1.01004E+11,NW
7392165,1.01004E+11,NE
7392206,1.01004E+11,NE
7392282,1.01004E+11,SE
7392332,1.01004E+11,SE
7392384,1.01004E+11,SW
7392604,1.01004E+11,NW
7392820,391885-101003890189,SE
7393371,1.01004E+11,NE
7393617,1.01004E+11,SE
7393686,1.01004E+11,SW
7393689,1.01004E+11,SW
7393785,1.01004E+11,SE
7393803,1.01004E+11,NE
7394176,1.01004E+11,SW
7394181,1.01004E+11,NW
7394299,1.01004E+11,NW
7394327,1.01004E+11,NE
7394369,1.01004E+11,SE
7394503,392109-101003892262,NW
7394551,1.01004E+11,NW
7394558,1.01004E+11,NW
7394560,1.01004E+11,NW
7394645,1.01004E+11,NW
7394759,1.01004E+11,NW
7394880,1.01004E+11,SE
7395019,1.01004E+11,NE
7395068,1.01004E+11,NW
7395261,392174-101003893242,SW
7395310,1.01004E+11,NE
7395366,1.01004E+11,SW
7395367,1.01004E+11,NW
7395386,1.01004E+11,SW
7395402,1.01004E+11,NW
7395407,1.01004E+11,NW
7395411,1.01004E+11,SW
7395423,392268-101003893422,SW
7395558,1.01004E+11,SE
7395559,1.01004E+11,SE
7395648,1.01004E+11,NW
7395882,1.01004E+11,NW
7395898,1.01004E+11,SE
7395923,1.01004E+11,NW
7395941,1.01004E+11,NW
7396076,1.01004E+11,SE
7396088,1.01004E+11,NW
7396097,1.01004E+11,SW
7396188,1.01004E+11,SW
7396261,1.01004E+11,SE
7396444,1.01004E+11,NW
7396445,1.01004E+11,NW
7396463,1.01004E+11,NW
7396633,1.01004E+11,NE
7396721,1.01004E+11,NE
7396722,1.01004E+11,NE
7396738,1.01004E+11,SW
7396938,1.01004E+11,SW
7397154,1.01004E+11,SE
7397266,392677-101003905599,SW
7397311,1.01004E+11,SW
7397334,1.01004E+11,NW
7397335,1.01004E+11,NW
7397548,1.01004E+11,SW
7397597,1.01004E+11,NW
7397650,392799-101003906070,NW
7397653,1.01004E+11,NW
7397655,1.01004E+11,NW
7397691,1.01004E+11,SW
7397727,1.01004E+11,SW
7397842,1.01004E+11,SW
7397850,1.01004E+11,SW
7397855,1.01004E+11,SW
7398015,1.01004E+11,SE
7398084,1.01004E+11,SE
7398150,1.01004E+11,SE
7398228,1.01004E+11,SW
7398371,1.01004E+11,NE
7398417,1.01004E+11,SW
7398428,1.01004E+11,SW
7398500,1.01004E+11,SW
7398593,392798-101003907216,SW
7398663,1.01004E+11,NE
7398684,1.01004E+11,NW
7398870,1.01004E+11,NW
7398976,1.01004E+11,SW
7398982,1.01004E+11,SW
7399027,1.01004E+11,SW
7399197,1.01004E+11,SE
7399233,1.01004E+11,SW
7399252,1.01004E+11,NW
7399258,1.01004E+11,SW
7399274,1.01004E+11,NE
7399306,1.01004E+11,NW
7399317,1.01004E+11,SE
7399346,1.01004E+11,SE
7399391,1.01004E+11,NE
7399469,1.01004E+11,NE
7399480,1.01004E+11,SW
7399574,1.01004E+11,NW
7399613,1.01004E+11,NW
7399646,1.01004E+11,NE
7399679,1.01004E+11,NW
7399680,1.01004E+11,NW
7399710,393103-101003908509,NW
7399756,1.01004E+11,SW
7399774,1.01004E+11,NW
7399777,393114-101003908583,SW
7399930,1.01004E+11,SW
7399936,1.01004E+11,SW
7399938,1.01004E+11,NE
7399939,1.01004E+11,SW
7399985,1.01004E+11,NE
7400018,1.01004E+11,NE
7400244,1.01004E+11,NW
7400254,1.01004E+11,SW
7400261,1.01004E+11,SW
7400338,1.01004E+11,SW
7400381,1.01004E+11,NE
7400492,1.01004E+11,SE
7400493,1.01004E+11,SW
7400761,393230-101003919902,NE
7400784,1.01004E+11,SW
7400890,1.01004E+11,SE
7401073,1.01004E+11,SW
7401123,1.01004E+11,NE
7401144,1.01004E+11,NW
7401176,1.01004E+11,NE
7401304,1.01004E+11,NE
7401305,1.01004E+11,NE
7401588,1.01004E+11,NW
7401710,393367-101003921094,SW
7401720,393384-101003921104,SW
7401866,1.01004E+11,NE
7401933,1.01004E+11,SW
7401954,1.01004E+11,SE
7402158,393496-101003921594,NW
7402160,393497-101003921596,NE
7402176,393499-101003921612,NE
7402220,1.01004E+11,SE
7402221,1.01004E+11,SE
7402362,1.01004E+11,NW
7402376,1.01004E+11,NW
7402384,1.01004E+11,SE
7402393,1.01004E+11,NW
7402498,1.01004E+11,SW
7402722,1.01004E+11,SW
7402740,1.01004E+11,NW
7402826,1.01004E+11,SE
7402855,393627-101003922369,SW
7402857,393629-101003922370,SW
7402925,1.01004E+11,SE
7402978,1.01004E+11,NE
7403233,1.01004E+11,SE
7403304,1.01004E+11,SE
7403313,1.01004E+11,SE
7403609,393696-101003923400,SW
7403655,1.01004E+11,SW
7403721,1.01004E+11,SE
7403722,1.01004E+11,SE
7403737,1.01004E+11,NW
7403789,1.01004E+11,SE
7403860,1.01004E+11,NE
7403916,1.01004E+11,NW
7403935,1.01004E+11,SE
7403952,1.01004E+11,SE
7403958,1.01004E+11,NW
7403962,1.01004E+11,NW
7404147,1.01004E+11,NE
7404148,1.01004E+11,NE
7404149,1.01004E+11,NE
7404172,1.01004E+11,SE
7404467,1.01004E+11,SW
7404471,1.01004E+11,SW
7404516,1.01004E+11,SW
7404532,1.01004E+11,SE
7404785,393743-101003924948,SW
7404789,393748-101003924952,SW
7404848,393845-101003925011,SW
7404849,393846-101003925012,SW
7404850,393847-101003925013,SW
7404851,393848-101003925014,SW
7404933,1.01004E+11,NW
7405014,393953-101003925193,NE
7405051,1.01004E+11,SW
7405239,1.01004E+11,SW
7405280,1.01004E+11,SW
7405281,1.01004E+11,SW
7405308,1.01004E+11,NW
7405367,1.01004E+11,SW
7405636,1.01004E+11,NW
7405930,1.01004E+11,SW
7405933,1.01004E+11,SW
7406006,1.01004E+11,SW
7406049,1.01004E+11,NW
7406054,1.01004E+11,SE
7406261,394110-101003926699,NW
7406295,1.01004E+11,NW
7406406,1.01004E+11,SW
7406494,1.01004E+11,SE
7406509,394131-101003927026,SE
7406759,1.01004E+11,SE
7406809,1.01004E+11,SW
7406909,1.01004E+11,NW
7407004,1.01004E+11,NE
7407005,1.01004E+11,NW
7407090,1.01004E+11,NE
7407120,1.01004E+11,NW
7407167,1.01004E+11,SE
7407722,1.01004E+11,SW
7407794,1.01004E+11,SW
7408047,1.01004E+11,NW
7408208,1.01004E+11,NW
7408310,1.01004E+11,NW
7408313,1.01004E+11,SE
7408328,1.01004E+11,NE
7408396,1.01004E+11,SE
7408512,394426-101003929445,SW
7408542,1.01004E+11,SE
7408559,1.01004E+11,SW
7408563,1.01004E+11,NW
7408738,1.01004E+11,NE
7408741,1.01004E+11,NE
7408752,1.01004E+11,SE
7408956,1.01004E+11,SE
7409066,1.01004E+11,NW
7409212,1.01004E+11,NW
7409414,1.01004E+11,SW
7409512,1.01004E+11,SE
7409586,1.01004E+11,SW
7409588,1.01004E+11,SW
7409589,1.01004E+11,SW
7409886,394638-101003931132,NE
7410062,1.01004E+11,SW
7410169,1.01004E+11,SE
7410384,1.01004E+11,SW
7410601,1.01004E+11,NW
7410641,1.01004E+11,NE
7410701,1.01004E+11,SW
7410812,1.01004E+11,SW
7410860,1.01004E+11,NE
7411080,1.01004E+11,SW
7411083,1.01004E+11,NE
7411185,1.01004E+11,SE
7411261,1.01004E+11,NE
7411506,1.01004E+11,SE
7411559,1.01004E+11,NE
7411595,1.01004E+11,NE
7411760,1.01004E+11,SW
7411881,1.01004E+11,NE
7412275,1.01004E+11,SE
7412473,394960-101003934417,NW
7412556,1.01004E+11,SW
7412961,1.01004E+11,SW
7413746,1.01004E+11,NW
7414043,1.01004E+11,SE
